{"cameraMode":{"drawMode":0,"name":"Shaded","section":"Shading Mode"},"sceneLighting":false,"audioPlay":false,"sceneViewState":{"showFog":true,"showMaterialUpdate":false,"showSkybox":true,"showFlares":true,"showImageEffects":true,"showParticleSystems":true},"in2DMode":false,"pivot":{"x":3.331630229949951,"y":1.6689672470092774,"z":2.2357892990112306},"rotation":{"x":-0.038396384567022327,"y":0.7820062041282654,"z":-0.048386961221694949,"w":-0.6202023029327393},"size":5.518110752105713,"orthographic":false}