{"cameraMode":{"drawMode":0,"name":"Shaded","section":"Shading Mode"},"sceneLighting":false,"audioPlay":false,"sceneViewState":{"showFog":true,"showMaterialUpdate":false,"showSkybox":true,"showFlares":true,"showImageEffects":true,"showParticleSystems":true},"in2DMode":false,"pivot":{"x":0.0,"y":0.2879999876022339,"z":0.7450000047683716},"rotation":{"x":0.07499004900455475,"y":-0.5534236431121826,"z":0.050101760774850848,"w":0.8280028104782105},"size":0.056609008461236957,"orthographic":false}