{"cameraMode":{"drawMode":0,"name":"Shaded","section":"Shading Mode"},"sceneLighting":true,"audioPlay":false,"sceneViewState":{"showFog":true,"showMaterialUpdate":false,"showSkybox":true,"showFlares":true,"showImageEffects":true,"showParticleSystems":true},"in2DMode":false,"pivot":{"x":-6.8824968338012699,"y":21.97854232788086,"z":-31.536623001098634},"rotation":{"x":0.2427300661802292,"y":0.09180606156587601,"z":-0.023101044818758966,"w":0.9654637575149536},"size":14.033154487609864,"orthographic":false}