{"cameraMode":{"drawMode":0,"name":"Shaded","section":"Shading Mode"},"sceneLighting":false,"audioPlay":false,"sceneViewState":{"showFog":true,"showMaterialUpdate":false,"showSkybox":true,"showFlares":true,"showImageEffects":true,"showParticleSystems":true},"in2DMode":false,"pivot":{"x":0.25240734219551089,"y":-0.45599159598350527,"z":0.27481991052627566},"rotation":{"x":0.08512655645608902,"y":0.8693994283676148,"z":-0.16118741035461427,"w":0.45925670862197878},"size":2.635138988494873,"orthographic":false}