{"cameraMode":{"drawMode":0,"name":"Shaded","section":"Shading Mode"},"sceneLighting":false,"audioPlay":false,"sceneViewState":{"showFog":true,"showMaterialUpdate":false,"showSkybox":true,"showFlares":true,"showImageEffects":true,"showParticleSystems":true},"in2DMode":false,"pivot":{"x":0.498259961605072,"y":-0.5479999780654907,"z":0.36999988555908205},"rotation":{"x":0.033658143132925037,"y":0.5973066687583923,"z":-0.025101715698838235,"w":0.8009130954742432},"size":2.4406089782714845,"orthographic":false}