{"cameraMode":{"drawMode":0,"name":"Shaded","section":"Shading Mode"},"sceneLighting":false,"audioPlay":false,"sceneViewState":{"showFog":true,"showMaterialUpdate":false,"showSkybox":true,"showFlares":true,"showImageEffects":true,"showParticleSystems":true},"in2DMode":false,"pivot":{"x":0.9100000858306885,"y":1.2999999523162842,"z":19.43000030517578},"rotation":{"x":-0.24914123117923737,"y":0.12047146260738373,"z":-0.031249022111296655,"w":-0.9604367613792419},"size":2.8578836917877199,"orthographic":false}