{"cameraMode":{"drawMode":0,"name":"Shaded","section":"Shading Mode"},"sceneLighting":false,"audioPlay":false,"sceneViewState":{"showFog":true,"showMaterialUpdate":false,"showSkybox":true,"showFlares":true,"showImageEffects":true,"showParticleSystems":true},"in2DMode":false,"pivot":{"x":-3.521529197692871,"y":0.6272894144058228,"z":29.617393493652345},"rotation":{"x":-0.24914123117923737,"y":0.12047146260738373,"z":-0.031249022111296655,"w":-0.9604367613792419},"size":3.157883405685425,"orthographic":false}