{"cameraMode":{"drawMode":0,"name":"Shaded","section":"Shading Mode"},"sceneLighting":true,"audioPlay":false,"sceneViewState":{"showFog":true,"showMaterialUpdate":false,"showSkybox":true,"showFlares":true,"showImageEffects":true,"showParticleSystems":true},"in2DMode":false,"pivot":{"x":-51.526756286621097,"y":9.322784423828125,"z":67.35487365722656},"rotation":{"x":-0.04251168295741081,"y":-0.7653568983078003,"z":0.05082622542977333,"w":-0.6401861310005188},"size":30.592702865600587,"orthographic":false}