{"cameraMode":{"drawMode":0,"name":"Shaded","section":"Shading Mode"},"sceneLighting":false,"audioPlay":false,"sceneViewState":{"showFog":true,"showMaterialUpdate":false,"showSkybox":true,"showFlares":true,"showImageEffects":true,"showParticleSystems":true},"in2DMode":false,"pivot":{"x":7.6823835372924809,"y":4.6253662109375,"z":20.425086975097658},"rotation":{"x":-0.3298070430755615,"y":-0.5768167972564697,"z":0.27353671193122866,"w":-0.6954764127731323},"size":5.796696662902832,"orthographic":false}