{"cameraMode":{"drawMode":0,"name":"Shaded","section":"Shading Mode"},"sceneLighting":false,"audioPlay":false,"sceneViewState":{"showFog":true,"showMaterialUpdate":false,"showSkybox":true,"showFlares":true,"showImageEffects":true,"showParticleSystems":true},"in2DMode":false,"pivot":{"x":5.167094707489014,"y":1.3179999589920045,"z":11.907999992370606},"rotation":{"x":-0.3298070430755615,"y":-0.5768167972564697,"z":0.27353671193122866,"w":-0.6954764127731323},"size":5.796696662902832,"orthographic":false}