{"cameraMode":{"drawMode":0,"name":"Shaded","section":"Shading Mode"},"sceneLighting":true,"audioPlay":false,"sceneViewState":{"showFog":true,"showMaterialUpdate":false,"showSkybox":true,"showFlares":true,"showImageEffects":true,"showParticleSystems":true},"in2DMode":false,"pivot":{"x":-25.726619720458986,"y":12.175006866455079,"z":28.26367950439453},"rotation":{"x":-0.13420678675174714,"y":0.7867761850357056,"z":-0.18405947089195252,"w":-0.5736671090126038},"size":72.42650604248047,"orthographic":false}