{"cameraMode":{"drawMode":0,"name":"Shaded","section":"Shading Mode"},"sceneLighting":true,"audioPlay":false,"sceneViewState":{"showFog":true,"showMaterialUpdate":false,"showSkybox":true,"showFlares":true,"showImageEffects":true,"showParticleSystems":true},"in2DMode":false,"pivot":{"x":8.046218872070313,"y":2.7888920307159426,"z":1.3632943630218506},"rotation":{"x":0.061603955924510959,"y":0.87648606300354,"z":-0.1166575476527214,"w":0.4629991054534912},"size":11.433055877685547,"orthographic":false}