{"cameraMode":{"drawMode":0,"name":"Shaded","section":"Shading Mode"},"sceneLighting":true,"audioPlay":false,"sceneViewState":{"showFog":true,"showMaterialUpdate":false,"showSkybox":true,"showFlares":true,"showImageEffects":true,"showParticleSystems":true},"in2DMode":false,"pivot":{"x":67.18772888183594,"y":-0.9726448059082031,"z":39.1983642578125},"rotation":{"x":-0.22413907945156098,"y":0.06016562134027481,"z":-0.013869594782590866,"w":-0.9725993275642395},"size":30.52167510986328,"orthographic":false}