{"cameraMode":{"drawMode":0,"name":"Shaded","section":"Shading Mode"},"sceneLighting":true,"audioPlay":false,"sceneViewState":{"showFog":true,"showMaterialUpdate":false,"showSkybox":true,"showFlares":true,"showImageEffects":true,"showParticleSystems":true},"in2DMode":false,"pivot":{"x":108.79440307617188,"y":-8.36676025390625,"z":1.06134033203125},"rotation":{"x":-0.15206654369831086,"y":0.0657651498913765,"z":-0.010139774531126023,"w":-0.9861277341842651},"size":180.2384796142578,"orthographic":false}