{"cameraMode":{"drawMode":0,"name":"Shaded","section":"Shading Mode"},"sceneLighting":false,"audioPlay":false,"sceneViewState":{"showFog":true,"showMaterialUpdate":false,"showSkybox":true,"showFlares":true,"showImageEffects":true,"showParticleSystems":true},"in2DMode":false,"pivot":{"x":0.37959372997283938,"y":1.8049626350402833,"z":0.5795462131500244},"rotation":{"x":0.08081255853176117,"y":-0.049316566437482837,"z":0.004001436289399862,"w":0.9955004453659058},"size":11.956659317016602,"orthographic":false}