{"cameraMode":{"drawMode":0,"name":"Shaded","section":"Shading Mode"},"sceneLighting":false,"audioPlay":false,"sceneViewState":{"showFog":true,"showMaterialUpdate":false,"showSkybox":true,"showFlares":true,"showImageEffects":true,"showParticleSystems":true},"in2DMode":false,"pivot":{"x":0.37959372997283938,"y":1.8049626350402833,"z":0.5795462131500244},"rotation":{"x":-0.018188025802373887,"y":0.9726309776306152,"z":-0.21679435670375825,"w":-0.08159887045621872},"size":10.350920677185059,"orthographic":false}